ticker,week,sentiment,count,prop,stock
AMC,4,0.021126760563380278,213,0.17794486215538846,8.63
AMC,5,0.19590463920479476,3184,0.12791772126471415,10.994285714285715
AMC,6,0.2828384267139639,726,0.11006670709520922,6.225714285714286
AMC,7,0.3060223901098901,55,0.05169172932330827,5.581428571428571
AMC,8,0.24329260337363787,98,0.050025523226135786,6.961428571428572
AMC,9,0.521031882664437,147,0.05730994152046784,8.392857142857142
AMC,10,0.4626303517316017,153,0.05900501349787891,9.152857142857142
AMC,11,0.5750058874785345,111,0.07336417713152676,12.585714285714285
AMC,12,0.5255553571428572,50,0.05102040816326531,12.128571428571428
AMC,13,0.6454755555555556,30,0.0395778364116095,10.141428571428571
AMC,14,0.5192833333333333,12,0.031496062992125984,9.79
AMC,15,0.43246488095238095,21,0.036521739130434785,9.281428571428572
AMC,16,0.6407392857142857,15,0.03667481662591687,9.528571428571428
AMC,17,0.6059738888888889,18,0.0410958904109589,10.641428571428571
AMC,18,0.7830416666666666,7,0.022435897435897436,9.5575
AMC,19,0.4507461038961039,25,0.034818941504178275,10.201428571428572
AMC,20,0.47291309523809527,33,0.075,13.15857142857143
AMC,21,0.2791702597402597,35,0.06272401433691756,16.058571285714287
AMC,22,0.6377609965349965,68,0.21794871794871795,27.304001
AMC,23,0.72973,20,0.08733624454148471,42.810001
AMC,24,0.29922437220885734,106,0.10037878787878787,53.8583345
AMC,25,0.522613579098306,67,0.07386990077177508,58.10571328571429
AMC,26,0.6719987179487179,32,0.047128129602356406,55.593334
AMC,27,0.6227421768707483,30,0.06276150627615062,50.11571342857143
AMC,28,0.7150455357142858,36,0.07775377969762419,41.42285657142857
AMC,29,0.351715,13,0.04924242424242424,36.517999200000006
AMC,31,0.1139375,11,0.03942652329749104,33.034999750000004
AMC,32,0.6889416666666667,15,0.03355704697986577,32.610000142857146
AMC,33,0.9745,4,0.032,34.025000500000004
AMC,39,NA,0,0,4.86
AMD,4,0.7146333333333333,12,0.002506265664160401,87.519997
AMD,5,0.41435523148148146,166,0.0017445770976963174,87.25499966666666
AMD,6,0.36379527777777776,106,0.00536871961102107,90.5316685
AMD,7,0.7896046296296296,88,0.024971623155505107,91.72090772727273
AMD,8,0.7055766666666666,44,0.00625177607274794,86.43833416666666
AMD,9,0.7597383333333334,76,0.008097165991902834,83.02500016666667
AMD,10,0.7352,32,0.0034467901766479965,78.04666533333334
AMD,11,0.72534,22,0.004201680672268907,81.350001
AMD,12,0.61917,32,0.008983717012914094,78.25
AMD,13,-0.06429999999999997,12,0.004451038575667656,77.9250005
AMD,14,0.752190625,30,0.023510971786833857,81.82818018181818
AMD,15,0.5332777777777777,40,0.019175455417066157,80.97500216666667
AMD,16,0.8255,10,0.007112375533428165,80.89166683333333
AMD,17,0.7031203703703703,44,0.02756892230576441,84.011668
AMD,18,0.5421222222222222,50,0.04355400696864112,79.47143014285714
AMD,19,0.4060611111111111,46,0.018067556952081697,76.36166516666667
AMD,20,0.7609428571428571,14,0.008883248730964468,75.42666616666666
AMD,21,0.90425,4,0.002008032128514056,77.73333216666667
AMD,22,0.74406,14,0.013618677042801557,80.28857228571428
AMD,23,0.9928,8,0.008733624454148471,81.559998
AMD,24,0.6650033333333334,40,0.010638297872340425,81.5519992
AMD,25,0.7888083333333333,78,0.023722627737226276,84.23166666666667
AMD,26,0.5351080086580087,116,0.046811945117029866,89.50363663636364
AMD,27,0.6250125,32,0.019925280199252802,92.99999863636363
AMD,28,0.9955666666666667,12,0.007100591715976331,89.8083345
AMD,29,0.71654,14,0.015659955257270694,86.36750025
AMD,31,0.5130819444444444,152,0.13620071684587814,113.07749749999999
AMD,32,0.6460075757575757,46,0.02804878048780488,108.07666783333333
AMD,33,NA,0,0,109.52666966666666
AMD,39,NA,0,0,81.769997
AMZN,4,0.8459,1,8.35421888053467e-4,3237.620117
AMZN,5,0.6306283333333333,24,9.642039291310112e-4,3283.5728235714287
AMZN,6,0.70415,14,0.002122498483929654,3319.0142297142856
AMZN,7,0.8889741666666667,11,0.010338345864661654,3288.0942382857143
AMZN,8,0.49715,4,0.002041858090862685,3191.661376714286
AMZN,9,0.4411583333333333,8,0.0031189083820662767,3071.7185408571427
AMZN,10,0.983795,9,0.003470883146934053,3026.772844714286
AMZN,11,0.8629,7,0.004626569729015202,3086.532854142857
AMZN,12,-0.008150000000000046,2,0.0020408163265306124,3086.654296857143
AMZN,13,0.7300666666666666,3,0.00395778364116095,3077.4557405714286
AMZN,14,0.4201666666666667,3,0.007874015748031496,3216.0342842857144
AMZN,15,0.38415,4,0.006956521739130435,3372.5828334285716
AMZN,16,0.9959,1,0.0024449877750611247,3368.0114047142856
AMZN,17,0.70335,8,0.0182648401826484,3396.982805714286
AMZN,18,0.9152166666666667,4,0.01282051282051282,3377.9375
AMZN,19,0.69736,8,0.011142061281337047,3228.9485907142857
AMZN,20,NA,0,0,3235.8356584285716
AMZN,21,0.75925,3,0.005376344086021506,3229.792898857143
AMZN,22,0.4864,2,0.00641025641025641,3222.1860348
AMZN,23,NA,0,0,3349.649902
AMZN,24,0.8675,5,0.004734848484848485,3388.0183511666664
AMZN,25,0.711455,13,0.014332965821389196,3481.8571077142856
AMZN,26,0.20538,5,0.007363770250368188,3428.0132651666668
AMZN,27,0.101625,6,0.012552301255230125,3592.5214142857144
AMZN,28,0.33672083333333336,8,0.017278617710583154,3695.2586147142856
AMZN,29,0.9108375,6,0.022727272727272728,3568.7339356
AMZN,31,0.9738249999999999,3,0.010752688172043012,3357.10748275
AMZN,32,0.4413,5,0.011185682326621925,3327.5685684285713
AMZN,33,0.899725,3,0.024,3295.22497575
AMZN,39,NA,0,0,3144.879883
BB,4,-0.0305172131147541,122,0.10192147034252297,14.65
BB,5,0.2601102307474174,2035,0.08175645815756699,13.232857142857142
BB,6,0.43008879731077265,362,0.054881746513038204,13.205714285714286
BB,7,0.6595253360859072,139,0.13063909774436092,12.375714285714285
BB,8,0.5011154022720199,140,0.07146503318019398,10.811428571428571
BB,9,0.5882097702535559,140,0.05458089668615984,10.221428571428572
BB,10,0.6012389448148675,169,0.06517547242576166,9.94142857142857
BB,11,0.7035169949494949,104,0.06873760740251157,11.57857142857143
BB,12,0.6524100216450216,73,0.07448979591836735,10.441428571428572
BB,13,0.47065574699110413,68,0.08970976253298153,9.208571428571428
BB,14,0.6751959523809524,35,0.09186351706036745,8.92
BB,15,0.6124504761904762,39,0.06782608695652174,9.041428571428572
BB,16,0.5370560544217687,30,0.07334963325183375,8.604285714285714
BB,17,0.8708289285714286,33,0.07534246575342465,9.041428571428572
BB,18,0.39495416666666666,20,0.0641025641025641,8.5075
BB,19,0.4766833560090703,61,0.08495821727019498,8.251428571428573
BB,20,0.43509986394557826,34,0.07727272727272727,8.557142857142857
BB,21,0.46465094568130283,52,0.0931899641577061,8.882857142857143
BB,22,0.4660031666666667,42,0.1346153846153846,10.368
BB,23,0.5335769230769231,26,0.11353711790393013,13.89
BB,24,0.46010730056980054,130,0.12310606060606061,13.82
BB,25,0.6547654559794933,109,0.12017640573318633,12.961428571428572
BB,26,0.766084469049469,74,0.10898379970544919,12.278333333333332
BB,27,0.7340207977736549,57,0.1192468619246862,11.86
BB,28,0.5083740476190477,57,0.12311015118790497,11.275714285714285
BB,29,0.662972,25,0.0946969696969697,10.166
BB,31,0.9319000000000001,16,0.05734767025089606,10.1425
BB,32,0.6923615646258503,36,0.08053691275167785,10.305714285714286
BB,33,0.6269933333333333,14,0.112,9.8275
BB,39,NA,0,0,4.63
CHPT,4,NA,0,0,39.529999
CHPT,5,NA,0,0,38.911429
CHPT,6,NA,0,0,40.04142971428571
CHPT,7,NA,0,0,37.54428614285714
CHPT,8,NA,0,0,35.12857157142857
CHPT,9,0.6696,1,3.898635477582846e-4,29.09142857142857
CHPT,10,0.743,1,3.856536829926726e-4,27.37285657142857
CHPT,11,NA,0,0,26.020000142857143
CHPT,12,NA,0,0,22.725714142857143
CHPT,13,NA,0,0,23.051428571428573
CHPT,14,0.9995,1,0.0026246719160104987,29.408571428571427
CHPT,15,0.9993,1,0.0017391304347826088,25.819999857142857
CHPT,16,0.9994,1,0.0024449877750611247,21.727142999999998
CHPT,17,NA,0,0,25.147142428571428
CHPT,18,NA,0,0,24.06500025
CHPT,19,0.8047,1,0.001392757660167131,21.794285285714285
CHPT,20,NA,0,0,22.999999857142857
CHPT,21,NA,0,0,23.975714142857143
CHPT,22,0.9994,1,0.003205128205128205,24.671999800000002
CHPT,23,NA,0,0,28.09
CHPT,24,NA,0,0,29.809999166666667
CHPT,25,0.3506,1,0.0011025358324145535,32.79857142857143
CHPT,26,NA,0,0,33.615
CHPT,27,0.9743,1,0.0020920502092050207,30.821428571428573
CHPT,28,0.9991,1,0.0021598272138228943,26.63142857142857
CHPT,29,NA,0,0,23.3759994
CHPT,31,NA,0,0,23.59250025
CHPT,32,NA,0,0,24.775713714285715
CHPT,33,0.6597,1,0.008,23.62999975
CHPT,39,NA,0,0,15.21
CLF,4,NA,0,0,16.030001
CLF,5,-0.48435,2,8.035032742758427e-5,15.434285714285714
CLF,6,0.7496333333333334,3,4.5482110369921165e-4,16.665714714285713
CLF,7,-0.5574,1,9.398496240601503e-4,16.75571442857143
CLF,8,0.99905,2,0.0010209290454313426,16.655714142857143
CLF,9,0.8757999999999999,2,7.797270955165692e-4,13.811428571428571
CLF,10,0.9983,1,3.856536829926726e-4,15.067142857142857
CLF,11,0.8416,2,0.0013218770654329147,17.011429142857143
CLF,12,0.2732,1,0.0010204081632653062,15.748571
CLF,13,0.59398125,7,0.009234828496042216,17.530000142857144
CLF,14,0.6268666666666667,4,0.010498687664041995,18.902857
CLF,15,0.694,1,0.0017391304347826088,17.851428857142857
CLF,16,0.9747,1,0.0024449877750611247,17.442856857142857
CLF,17,0.6193,2,0.0045662100456621,18.185714285714287
CLF,18,-0.7072,1,0.003205128205128205,19.0950005
CLF,19,0.4066666666666667,3,0.004178272980501393,20.745714142857143
CLF,20,0.9965,1,0.0022727272727272726,19.587142857142858
CLF,21,0.9958,1,0.0017921146953405018,18.579999714285716
CLF,22,NA,0,0,20.194000799999998
CLF,23,0.45405384615384614,26,0.11353711790393013,22.959999
CLF,24,0.6977599561403509,57,0.05397727272727273,23.338334166666666
CLF,25,0.7824041666666667,12,0.013230429988974642,20.785714285714285
CLF,26,0.24794583333333334,14,0.020618556701030927,21.261666833333333
CLF,27,0.404935,11,0.02301255230125523,21.835715
CLF,28,0.220975,4,0.008639308855291577,22.429999857142857
CLF,29,0.7605,4,0.015151515151515152,19.8199998
CLF,31,0.9999,1,0.0035842293906810036,23.837500249999998
CLF,32,0.9624,3,0.006711409395973154,24.902857
CLF,33,NA,0,0,25.73
CLF,39,NA,0,0,6.57
CLOV,4,NA,0,0,14.07
CLOV,5,0.3900416666666667,7,2.812261459965449e-4,13.687142857142858
CLOV,6,0.5338365384615384,21,0.0031837477258944815,12.69
CLOV,7,0.9973,1,9.398496240601503e-4,11.708571428571428
CLOV,8,NA,0,0,10.6
CLOV,9,NA,0,0,9.027142857142858
CLOV,10,5.499999999999949e-4,2,7.713073659853452e-4,7.977142857142857
CLOV,11,0.06260000000000004,2,0.0013218770654329147,8.776428571428571
CLOV,12,-0.897,1,0.0010204081632653062,8.297142857142857
CLOV,13,NA,0,0,7.462857142857143
CLOV,14,NA,0,0,7.635714285714285
CLOV,15,0.861,1,0.0017391304347826088,7.861428571428572
CLOV,16,0.6459519444444445,34,0.08312958435207823,8.9
CLOV,17,0.3733986111111111,23,0.05251141552511415,9.348571428571429
CLOV,18,0.43646666666666667,18,0.057692307692307696,9.192499999999999
CLOV,19,0.5602805555555556,14,0.019498607242339833,8.184285714285714
CLOV,20,0.01453500000000001,9,0.020454545454545454,7.167142857142857
CLOV,21,0.148,2,0.0035842293906810036,7.127142857142857
CLOV,22,-0.2714,1,0.003205128205128205,7.6579999999999995
CLOV,23,0.3224793103448276,29,0.12663755458515283,14.34
CLOV,24,0.42772354761904763,57,0.05397727272727273,14.061666666666666
CLOV,25,0.5007689947089947,40,0.044101433296582136,12.515714285714285
CLOV,26,0.726885,16,0.023564064801178203,12.958333333333334
CLOV,27,0.5533721428571429,18,0.03765690376569038,10.845714285714287
CLOV,28,0.42890555555555554,19,0.04103671706263499,9.048571428571428
CLOV,29,0.790125,4,0.015151515151515152,8.25
CLOV,31,0.2177833333333333,4,0.014336917562724014,8.08
CLOV,32,0.7235966666666667,13,0.029082774049217,8.367142857142857
CLOV,33,0.3186222222222222,6,0.048,8.287500000000001
CLOV,39,NA,0,0,13.14
FB,4,0.6724399999999999,5,0.004177109440267335,265
FB,5,0.2967392640011061,151,0.006066449720782612,262.4599917142857
FB,6,0.564830479148181,57,0.008641600970285022,268.94143242857143
FB,7,0.5893751700680272,47,0.044172932330827065,271.2757175714286
FB,8,0.6343566326530612,42,0.021439509954058193,261.40999514285716
FB,9,0.5304899659863945,58,0.022612085769980507,258.54571542857144
FB,10,0.6060347573260073,77,0.029695333590435788,264.66714057142855
FB,11,0.6934890836940837,51,0.033707865168539325,274.4085694285714
FB,12,0.8231522294372294,42,0.04285714285714286,287.91142485714283
FB,13,0.4823142857142857,36,0.047493403693931395,288.7242824285714
FB,14,0.8719867346938776,20,0.05249343832020997,305.3228587142857
FB,15,0.6278583333333333,22,0.03826086956521739,309.902858
FB,16,0.7065014285714286,19,0.04645476772616137,303.0599932857143
FB,17,0.6998727891156462,22,0.0502283105022831,306.65857814285715
FB,18,0.85781625,12,0.038461538461538464,321.299988
FB,19,0.49616901051329626,42,0.0584958217270195,311.07856557142856
FB,20,0.7384033333333333,21,0.04772727272727273,315.0628527142857
FB,21,0.6499253571428572,34,0.06093189964157706,323.074293
FB,22,0.8543493333333333,16,0.05128205128205128,328.8100098
FB,23,0.69137272727272725,11,0.048034934497816595,332.459991
FB,24,0.5023873732943469,69,0.06534090909090909,333.0200045
FB,25,0.7503641862899005,59,0.06504961411245866,334.86714414285717
FB,26,0.8398862594268477,47,0.06921944035346098,348.7283376666667
FB,27,0.9609861904761905,28,0.058577405857740586,352.531433
FB,28,0.7037927891156462,32,0.06911447084233262,349.800005
FB,29,0.4825035714285714,20,0.07575757575757576,340.4180056
FB,31,0.6766187499999999,11,0.03942652329749104,356.270004
FB,32,0.9803952777777778,21,0.04697986577181208,362.2685721428571
FB,33,0.9965666666666667,3,0.024,364.02499425
FB,39,NA,0,0,261.790009
GME,4,0.006986024096385541,415,0.3467000835421888,193.600006
GME,5,0.2154444497792093,7712,0.3098308625607649,205.13000057142858
GME,6,0.29247238398876113,2312,0.35051546391752575,57.70285714285714
GME,7,0.40563105836879404,216,0.20300751879699247,49.39142914285714
GME,8,0.340543040484259,310,0.1582440020418581,59.02571471428571
GME,9,0.4286958049651571,663,0.2584795321637427,114.33285742857143
GME,10,0.4041756979272355,669,0.25800231392209794,197.0885727142857
GME,11,0.39652905979049075,405,0.2676801057501652,233.3385707142857
GME,12,0.42377943950786057,206,0.21020408163265306,183.02000185714286
GME,13,0.44777746068557295,132,0.1741424802110818,185.71857342857143
GME,14,0.6796008333333333,54,0.14173228346456693,184.8614262857143
GME,15,0.4401101412622465,92,0.16,154.30428642857143
GME,16,0.5321989926739926,49,0.1198044009779951,156.6642847142857
GME,17,0.7080035114045619,45,0.10273972602739725,165.00142571428572
GME,18,0.30251666666666666,20,0.0641025641025641,166.91749575
GME,19,0.5506726558441559,66,0.09192200557103064,154.6799992857143
GME,20,0.40867380952380955,43,0.09772727272727273,168.62142928571427
GME,21,0.2787455442176871,45,0.08064516129032258,202.35713857142858
GME,22,0.5696530454545454,28,0.08974358974358974,227.4040008
GME,23,0.5724928571428571,28,0.1222707423580786,220.389999
GME,24,0.4245658625730994,84,0.07954545454545454,228.1799975
GME,25,0.6040236054421769,58,0.0639470782800441,213.41142914285714
GME,26,0.8342125757575758,40,0.05891016200294551,210.27499916666667
GME,27,0.6036674603174603,30,0.06276150627615062,198.9885735714286
GME,28,0.6499432644110276,42,0.09071274298056156,182.49142685714287
GME,29,0.5841846666666667,12,0.045454545454545456,174.3579954
GME,31,0.520266875,20,0.07168458781362007,152.65999975
GME,32,0.6939714285714286,18,0.040268456375838924,156.66000357142858
GME,33,0.8933933333333334,7,0.056,162.87250125
GME,39,NA,0,0,10.35
HOOD,4,-0.17129795918367346,343,0.28654970760233917,NA
HOOD,5,0.13076066755505683,3900,0.1566831384837893,NA
HOOD,6,0.17018431471306472,391,0.059278350515463915,NA
HOOD,7,0.22404142857142859,76,0.07142857142857142,NA
HOOD,8,0.11059224370449934,107,0.05461970393057682,NA
HOOD,9,0.4003976537538092,80,0.031189083820662766,NA
HOOD,10,0.40010055555555557,61,0.023524874662553028,NA
HOOD,11,0.43287683982683983,33,0.021810971579643092,NA
HOOD,12,0.31906666666666667,30,0.030612244897959183,NA
HOOD,13,0.5400791666666667,8,0.010554089709762533,NA
HOOD,14,0.9581,5,0.013123359580052493,NA
HOOD,15,0.6016685714285714,15,0.02608695652173913,NA
HOOD,16,0.6653666666666667,5,0.012224938875305624,NA
HOOD,17,0.5699,6,0.0136986301369863,NA
HOOD,18,0.14496666666666666,3,0.009615384615384616,NA
HOOD,19,0.9543333333333334,6,0.008356545961002786,NA
HOOD,20,0.5744916666666667,6,0.013636363636363636,NA
HOOD,21,0.06982500000000001,6,0.010752688172043012,NA
HOOD,22,0.6251333333333333,5,0.016025641025641024,NA
HOOD,23,0.54816,5,0.021834061135371178,NA
HOOD,24,0.639538,22,0.020833333333333332,NA
HOOD,25,0.747422380952381,16,0.017640573318632856,NA
HOOD,26,0.5563253333333333,15,0.022091310751104567,NA
HOOD,27,0.6728619047619048,20,0.04184100418410042,NA
HOOD,28,0.7825366666666667,12,0.02591792656587473,NA
HOOD,29,0.11096666666666666,6,0.022727272727272728,NA
HOOD,31,0.3491432692307692,26,0.0931899641577061,51.45999975
HOOD,32,0.7816714285714286,17,0.03803131991051454,53.584284571428576
HOOD,33,-0.29783333333333334,3,0.024,49.7700005
HOOD,39,NA,0,0,NA
HUT,4,-0.13180769230769232,26,0.02172096908939014,3.95
HUT,5,0.12901814251613983,300,0.01205254911413764,3.968
HUT,6,0.2348390171858217,85,0.01288659793814433,5.22
HUT,7,0.3399621428571428,29,0.02725563909774436,7.066142857142857
HUT,8,0.5482969047619047,28,0.014293006636038795,8.823571428571428
HUT,9,0.6839066666666667,34,0.013255360623781676,8.104714285714286
HUT,10,0.6523559523809523,25,0.009641342074816815,7.598142857142857
HUT,11,0.7057166666666667,13,0.008592200925313946,8.391
HUT,12,0.8340321428571429,12,0.012244897959183673,7.857571428571428
HUT,13,0.8753546666666667,12,0.0158311345646438,7.288285714285714
HUT,14,0.82375,2,0.005249343832020997,7.61
HUT,15,0.8972875,7,0.01217391304347826,6.825
HUT,16,0.9737666666666667,7,0.017114914425427872,5.706142857142857
HUT,17,0.92065,5,0.01141552511415525,5.590857142857143
HUT,18,0.96035,2,0.00641025641025641,5.16075
HUT,19,0.15311833333333333,11,0.01532033426183844,4.847142857142857
HUT,20,0.8984833333333333,5,0.011363636363636364,4.321
HUT,21,0.42466,6,0.010752688172043012,4.168
HUT,22,0.9998,1,0.003205128205128205,4.0606
HUT,23,0.9674333333333334,6,0.026200873362445413,5.04
HUT,24,0.9982500000000001,3,0.002840909090909091,4.053166666666667
HUT,25,0.5411166666666667,12,0.013230429988974642,3.6914285714285713
HUT,26,0.6720333333333334,8,0.011782032400589101,4.035
HUT,27,0.5510166666666667,12,0.02510460251046025,5.161428571428572
HUT,28,0.8651444444444444,6,0.012958963282937365,4.6085714285714285
HUT,29,-0.3542666666666667,3,0.011363636363636364,3.874
HUT,31,NA,0,0,5.05
HUT,32,0.6006933333333333,10,0.02237136465324385,6.3
HUT,33,0.5789125,5,0.04,6.569999999999999
HUT,39,NA,0,0,0.73
LCID,4,NA,0,0,22.33
LCID,5,NA,0,0,26.527142285714287
LCID,6,NA,0,0,33.501429571428574
LCID,7,NA,0,0,46.699999999999996
LCID,8,NA,0,0,43.98857085714286
LCID,9,NA,0,0,28.455714285714286
LCID,10,NA,0,0,24.47
LCID,11,NA,0,0,28.071428714285712
LCID,12,NA,0,0,25.347142285714288
LCID,13,NA,0,0,22.982857285714285
LCID,14,NA,0,0,23.540000285714285
LCID,15,NA,0,0,22.12571414285714
LCID,16,NA,0,0,19.442857285714286
LCID,17,NA,0,0,21.909999857142857
LCID,18,NA,0,0,20.07999975
LCID,19,NA,0,0,18.590000142857143
LCID,20,NA,0,0,18.610000142857142
LCID,21,NA,0,0,19.854285285714287
LCID,22,NA,0,0,20.087999
LCID,23,NA,0,0,25.379999
LCID,24,NA,0,0,24.269999666666667
LCID,25,NA,0,0,23.78428542857143
LCID,26,NA,0,0,26.703333166666667
LCID,27,NA,0,0,26.419999714285716
LCID,28,-0.2033,1,0.0021598272138228943,25.16571385714286
LCID,29,NA,0,0,22.970001
LCID,31,NA,0,0,23.182499749999998
LCID,32,NA,0,0,23.774285000000003
LCID,33,NA,0,0,23.3175
LCID,39,NA,0,0,9.78
MARA,4,NA,0,0,19.9
MARA,5,0.16683541666666668,10,4.0175163713792136e-4,21.738571285714286
MARA,6,0.23177083333333331,7,0.001061249241964827,29.785714000000002
MARA,7,0.83875,2,0.0018796992481203006,40.897142714285714
MARA,8,0.49865,2,0.0010209290454313426,37.074285571428575
MARA,9,0.6463833333333333,4,0.0015594541910331384,33.20999942857143
MARA,10,0.5395666666666666,6,0.0023139220979560356,33.624286142857144
MARA,11,NA,0,0,41.185714714285716
MARA,12,0.6501,1,0.0010204081632653062,39.34571457142857
MARA,13,NA,0,0,41.05857114285715
MARA,14,0.861,1,0.0026246719160104987,50.23428485714286
MARA,15,0.9971,1,0.0017391304347826088,47.597142857142856
MARA,16,NA,0,0,35.985714
MARA,17,NA,0,0,33.865713142857146
MARA,18,NA,0,0,34.62749925
MARA,19,0.8047,1,0.001392757660167131,27.181428714285715
MARA,20,-0.7924,1,0.0022727272727272726,22.598571285714286
MARA,21,0.4915,2,0.0035842293906810036,22.791428285714286
MARA,22,NA,0,0,24.8560002
MARA,23,0.9808,1,0.004366812227074236,26.51
MARA,24,0.4824,1,9.46969696969697e-4,28.391665833333334
MARA,25,0.9702,2,0.002205071664829107,28.431428714285715
MARA,26,0.99285,2,0.0029455081001472753,30.073334
MARA,27,0.9700500000000001,2,0.0041841004184100415,29.608572
MARA,28,0.9971,1,0.0021598272138228943,26.502857428571428
MARA,29,NA,0,0,22.9939998
MARA,31,NA,0,0,28.88749925
MARA,32,0.34,1,0.0022371364653243847,34.77857157142857
MARA,33,NA,0,0,32.920001
MARA,39,NA,0,0,2.02
NEGG,4,NA,0,0,9.98
NEGG,5,NA,0,0,7.552857142857143
NEGG,6,0.9817,1,1.5160703456640388e-4,8.008571428571429
NEGG,7,NA,0,0,10.52
NEGG,8,0.9964,1,5.104645227156713e-4,9.655714285714286
NEGG,9,NA,0,0,8.03142857142857
NEGG,10,NA,0,0,8.68142857142857
NEGG,11,NA,0,0,9.321428571428571
NEGG,12,NA,0,0,9.447142857142858
NEGG,13,NA,0,0,8.644285714285713
NEGG,14,NA,0,0,8.512857142857143
NEGG,15,NA,0,0,8.507142857142858
NEGG,16,NA,0,0,8.775714285714285
NEGG,17,NA,0,0,10.682857142857143
NEGG,18,NA,0,0,10.9475
NEGG,19,NA,0,0,9.357142857142858
NEGG,20,NA,0,0,8.297142857142857
NEGG,21,NA,0,0,12.028571428571428
NEGG,22,NA,0,0,10.082
NEGG,23,NA,0,0,10.9
NEGG,24,NA,0,0,10.31
NEGG,25,-0.4974,1,0.0011025358324145535,10.415714285714285
NEGG,26,0.85615,6,0.008836524300441826,13.118333
NEGG,27,0.59215,10,0.02092050209205021,31.052857714285715
NEGG,28,0.7196333333333333,8,0.017278617710583154,37.84428571428571
NEGG,29,0.4278,1,0.003787878787878788,29.2679994
NEGG,31,NA,0,0,18.36500025
NEGG,32,NA,0,0,19.95571442857143
NEGG,33,NA,0,0,18.192501
NEGG,39,NA,0,0,3.44
NIO,4,0.14485,14,0.011695906432748537,58.369999
NIO,5,0.29126352525639804,384,0.01542726286609618,57.04857142857143
NIO,6,0.569197079932467,216,0.03274711946634324,59.06428457142857
NIO,7,0.6727665628815629,82,0.07706766917293233,58.625713142857144
NIO,8,0.7570825510204081,72,0.036753445635528334,51.940000857142856
NIO,9,0.6475472788030683,106,0.04132553606237817,44.457142
NIO,10,0.5603934700220414,89,0.03432317778634786,39.748571285714284
NIO,11,0.5845069418081918,91,0.06014540647719762,44.49999985714286
NIO,12,0.5671662183055041,63,0.06428571428571428,41.295713
NIO,13,0.7052055555555555,46,0.06068601583113457,37.15571428571428
NIO,14,0.8328819444444444,25,0.06561679790026247,39.180000285714286
NIO,15,0.7610446145124716,33,0.057391304347826085,37.52285657142857
NIO,16,0.8194097222222223,26,0.06356968215158924,37.207143
NIO,17,0.7156792857142857,25,0.05707762557077625,41.035715
NIO,18,0.548935,22,0.07051282051282051,38.51749975
NIO,19,0.7111753968253969,42,0.0584958217270195,34.988571
NIO,20,0.5193503401360544,24,0.05454545454545454,33.72142785714286
NIO,21,0.730900873015873,31,0.05555555555555555,35.83
NIO,22,0.8657965714285715,19,0.060897435897435896,39.3639992
NIO,23,0.725525,8,0.034934497816593885,42.759998
NIO,24,0.8303521423796791,71,0.06723484848484848,45.76166716666667
NIO,25,0.7553671716378859,62,0.06835722160970231,46.02999928571428
NIO,26,0.8744279761904762,36,0.053019145802650956,48.9966675
NIO,27,0.5998840136054422,45,0.09414225941422594,49.07571542857143
NIO,28,0.8024516666666667,24,0.05183585313174946,44.94571357142857
NIO,29,0.3157607142857143,17,0.06439393939393939,43.1839986
NIO,31,-0.16224374999999996,10,0.035842293906810034,45.277499
NIO,32,0.7028821428571429,28,0.06263982102908278,43.912857428571435
NIO,33,0.9240333333333334,5,0.04,40.427499
NIO,39,NA,0,0,20.85
NVDA,4,NA,0,0,130.509995
NVDA,5,-0.020055555555555587,6,2.410509822827528e-4,132.796788
NVDA,6,0.4698916666666667,5,7.580351728320194e-4,142.12857499999998
NVDA,7,0.77888,13,0.012218045112781954,149.87178685714287
NVDA,8,0.9779166666666667,4,0.002041858090862685,144.40535599999998
NVDA,9,0.8562888888888889,10,0.003898635477582846,133.66642971428573
NVDA,10,0.9987,1,3.856536829926726e-4,124.22821385714286
NVDA,11,0.9584,1,6.609385327164573e-4,130.1632157142857
NVDA,12,-0.3182,1,0.0010204081632653062,128.53214571428572
NVDA,13,0.9921,1,0.0013192612137203166,130.71107057142856
NVDA,14,0.9901,1,0.0026246719160104987,139.63535428571427
NVDA,15,0.20345,4,0.006956521739130435,150.71821371428572
NVDA,16,0.632,2,0.004889975550122249,154.97321214285714
NVDA,17,0.9999,1,0.00228310502283105,153.22428457142857
NVDA,18,0.9498,1,0.003205128205128205,147.50125125
NVDA,19,0.9984,1,0.001392757660167131,143.47499971428573
NVDA,20,NA,0,0,142.26928285714285
NVDA,21,0.8872833333333333,4,0.007168458781362007,153.46142585714287
NVDA,22,0.99665,2,0.00641025641025641,162.4850064
NVDA,23,0.99855,2,0.008733624454148471,174.25
NVDA,24,0.6855,2,0.001893939393939394,179.55291483333332
NVDA,25,0.7020516666666667,15,0.016538037486218304,187.84713985714285
NVDA,26,0.4481833333333334,7,0.010309278350515464,197.14708216666668
NVDA,27,0.41671250000000004,6,0.012552301255230125,204.1728537142857
NVDA,28,0.6457250000000001,3,0.0064794816414686825,199.6014292857143
NVDA,29,0.7513833333333333,9,0.03409090909090909,183.7494998
NVDA,31,0.6695249999999999,3,0.010752688172043012,201.1899985
NVDA,32,NA,0,0,201.33285971428572
NVDA,33,0.9986,1,0.008,201.28500375000002
NVDA,39,NA,0,0,132.257507
PLTR,4,0.43365714285714285,7,0.005847953216374269,35.66
PLTR,5,0.4149590136054422,83,0.003334538588244747,33.475714
PLTR,6,0.5540517913832199,37,0.005609460278956944,35.025713714285715
PLTR,7,0.6576589285714286,79,0.07424812030075188,29.675714285714285
PLTR,8,0.46307625391761337,130,0.06636038795303727,27.442856857142857
PLTR,9,0.4685499598813885,76,0.02962962962962963,24.187142714285713
PLTR,10,0.39431009070294787,62,0.0239105283455457,24.301429
PLTR,11,0.7488104761904761,32,0.021150033046926635,26.050000142857144
PLTR,12,0.34017819444444447,34,0.03469387755102041,23.55714257142857
PLTR,13,0.22640892857142858,23,0.030343007915567283,22.55285742857143
PLTR,14,0.5941972222222223,15,0.03937007874015748,23.17571442857143
PLTR,15,0.28927380952380954,41,0.07130434782608695,23.961429142857142
PLTR,16,0.678778,15,0.03667481662591687,22.374285571428572
PLTR,17,0.71175,4,0.0091324200913242,23.634285857142856
PLTR,18,0.3862857142857143,9,0.028846153846153848,21.8300005
PLTR,19,0.5055188888888889,41,0.057103064066852366,19.312856857142858
PLTR,20,0.2209861111111111,21,0.04772727272727273,20.46
PLTR,21,0.3138333333333333,5,0.008960573476702509,21.395714428571427
PLTR,22,0.559575,5,0.016025641025641024,22.9720006
PLTR,23,0.9855,1,0.004366812227074236,24.139999
PLTR,24,0.298775,15,0.014204545454545454,24.778333333333336
PLTR,25,0.5776799319727891,35,0.03858875413450937,25.675714857142857
PLTR,26,0.6867875,18,0.026509572901325478,26.441666666666666
PLTR,27,0.86231,10,0.02092050209205021,24.058571857142855
PLTR,28,0.7449555555555555,6,0.012958963282937365,22.614286142857143
PLTR,29,NA,0,0,21.566000799999998
PLTR,31,0.4278,3,0.010752688172043012,22.28999975
PLTR,32,0.20740625,14,0.03131991051454139,22.64999985714286
PLTR,33,-0.20297333333333334,7,0.056,24.799999999999997
PLTR,39,NA,0,0,NA
PTON,4,NA,0,0,145.830002
PTON,5,0.5205766666666667,10,4.0175163713792136e-4,148.23000014285714
PTON,6,0.807225,9,0.0013644633110976349,147.02428542857143
PTON,7,0.7705833333333333,7,0.006578947368421052,148.89142714285714
PTON,8,0.9929,1,5.104645227156713e-4,129.9571457142857
PTON,9,0.02184999999999998,2,7.797270955165692e-4,116.57428628571428
PTON,10,0.9963,1,3.856536829926726e-4,108.81856971428572
PTON,11,NA,0,0,109.41142928571429
PTON,12,0.9935499999999999,2,0.0020408163265306124,107.548571
PTON,13,NA,0,0,107.997141
PTON,14,NA,0,0,114.22285442857142
PTON,15,0.861,1,0.0017391304347826088,119.26142871428571
PTON,16,0.059350000000000014,2,0.004889975550122249,109.18571357142856
PTON,17,0.70715,2,0.0045662100456621,101.56285657142857
PTON,18,0.659775,3,0.009615384615384616,90.7749995
PTON,19,0.56373125,7,0.009749303621169917,87.79571328571429
PTON,20,NA,0,0,96.318573
PTON,21,NA,0,0,103.637144
PTON,22,0.8107,2,0.00641025641025641,110.02599819999999
PTON,23,NA,0,0,106.080002
PTON,24,0.9361,1,9.46969696969697e-4,109.891668
PTON,25,0.9924,1,0.0011025358324145535,113.13857271428571
PTON,26,0.9466,2,0.0029455081001472753,123.62666583333333
PTON,27,NA,0,0,122.52285628571428
PTON,28,0.3443666666666667,3,0.0064794816414686825,116.88999814285714
PTON,29,0,1,0.003787878787878788,115.2800002
PTON,31,NA,0,0,120.2775
PTON,32,0.9432,1,0.0022371364653243847,113.44
PTON,33,NA,0,0,110.65999775
PTON,39,NA,0,0,100.470001
PYPL,4,0.7504,1,8.35421888053467e-4,237.789993
PYPL,5,0.8497833333333333,5,2.0087581856896068e-4,245.17285614285714
PYPL,6,0.7243999999999999,3,4.5482110369921165e-4,277.55714614285716
PYPL,7,0.8005,2,0.0018796992481203006,298.03999985714285
PYPL,8,0.4711,2,0.0010209290454313426,274.23143628571427
PYPL,9,0.9886999999999999,2,7.797270955165692e-4,259.5000042857143
PYPL,10,0.4389,1,3.856536829926726e-4,240.12857271428572
PYPL,11,0.9954,3,0.0019828155981493722,248.60285957142858
PYPL,12,0,1,0.0010204081632653062,240.07214357142857
PYPL,13,NA,0,0,240.81142528571428
PYPL,14,0.9668,2,0.005249343832020997,252.41857014285713
PYPL,15,0.9122,1,0.0017391304347826088,269.42570714285716
PYPL,16,0.9846,1,0.0024449877750611247,267.0157122857143
PYPL,17,NA,0,0,268.2242867142857
PYPL,18,0.7768999999999999,2,0.00641025641025641,256.000004
PYPL,19,0.9301999999999999,2,0.002785515320334262,247.57428871428573
PYPL,20,NA,0,0,246.0871407142857
PYPL,21,NA,0,0,255.53285842857142
PYPL,22,NA,0,0,259.86998900000003
PYPL,23,NA,0,0,269.470001
PYPL,24,NA,0,0,272.19500716666664
PYPL,25,NA,0,0,285.90285814285716
PYPL,26,NA,0,0,291.01500450000003
PYPL,27,NA,0,0,292.2542811428571
PYPL,28,NA,0,0,300.29285514285715
PYPL,29,NA,0,0,295.3620056
PYPL,31,0.4278,1,0.0035842293906810036,275.16500075
PYPL,32,0.9948,1,0.0022371364653243847,277.4485737142857
PYPL,33,NA,0,0,275.75250275
PYPL,39,NA,0,0,194.5
QQQ,4,0.7504,1,8.35421888053467e-4,321.320007
QQQ,5,0.08337666666666664,10,4.0175163713792136e-4,321.48571357142856
QQQ,6,0.6319666666666667,7,0.001061249241964827,332.6428484285714
QQQ,7,0.26280833333333337,6,0.005639097744360902,335.3914358571429
QQQ,8,0.3033,5,0.002552322613578356,324.8485674285714
QQQ,9,0.38711833333333334,10,0.003898635477582846,313.95286357142857
QQQ,10,0.6510722222222223,14,0.005399151561897416,309.52428342857144
QQQ,11,0.8073178571428572,14,0.009253139458030404,317.10427857142855
QQQ,12,0.4076142857142857,9,0.009183673469387756,314.06428757142857
QQQ,13,0.5689933333333334,8,0.010554089709762533,317.4185747142857
QQQ,14,0.1379,3,0.007874015748031496,328.89714257142856
QQQ,15,0.15078333333333332,4,0.006956521739130435,338.1028527142857
QQQ,16,0.8944,1,0.0024449877750611247,339.40143714285716
QQQ,17,0.9999,1,0.00228310502283105,339.8942912857143
QQQ,18,0.8221333333333333,3,0.009615384615384616,334.12999725
QQQ,19,0.07713,7,0.009749303621169917,327.1285792857143
QQQ,20,0.9119166666666667,6,0.013636363636363636,325.31714757142856
QQQ,21,0.5533166666666667,4,0.007168458781362007,330.50286442857146
QQQ,22,0.6466500000000001,2,0.00641025641025641,333.7079958
QQQ,23,NA,0,0,340.350006
QQQ,24,0.009825000000000014,6,0.005681818181818182,342.0549976666667
QQQ,25,0.26153333333333334,4,0.004410143329658214,345.3500017142857
QQQ,26,0,1,0.0014727540500736377,352.76999383333333
QQQ,27,-0.005649999999999988,2,0.0041841004184100415,359.210009
QQQ,28,0.34996666666666665,3,0.0064794816414686825,361.6371502857143
QQQ,29,0.234875,5,0.01893939393939394,357.252008
QQQ,31,0.3073,2,0.007168458781362007,367.10500325
QQQ,32,0.43727499999999997,4,0.008948545861297539,367.6371372857143
QQQ,33,NA,0,0,368.860008
QQQ,39,NA,0,0,275.950012
RBLX,4,NA,0,0,NA
RBLX,5,NA,0,0,NA
RBLX,6,NA,0,0,NA
RBLX,7,-0.6199,1,9.398496240601503e-4,NA
RBLX,8,0.83285,2,0.0010209290454313426,NA
RBLX,9,0.59982,5,0.001949317738791423,NA
RBLX,10,0.8084238095238095,21,0.008098727342846125,NA
RBLX,11,0.5514333333333333,7,0.004626569729015202,71.76285671428572
RBLX,12,0.44394999999999996,2,0.0020408163265306124,68.835714
RBLX,13,NA,0,0,68.18285685714285
RBLX,14,NA,0,0,69.084285
RBLX,15,NA,0,0,75.36428728571428
RBLX,16,0.4278,1,0.0024449877750611247,72.91428457142857
RBLX,17,NA,0,0,73.76428557142857
RBLX,18,NA,0,0,70.1875
RBLX,19,0.55685,7,0.009749303621169917,70.080001
RBLX,20,0.9995,1,0.0022727272727272726,73.75999885714286
RBLX,21,0.1603,3,0.005376344086021506,87.60428614285713
RBLX,22,NA,0,0,94.3939974
RBLX,23,0.5067,1,0.004366812227074236,91
RBLX,24,0,1,9.46969696969697e-4,88.971667
RBLX,25,0.7236,1,0.0011025358324145535,82.93857114285714
RBLX,26,0.9259,1,0.0014727540500736377,89.24000033333333
RBLX,27,NA,0,0,86.43714142857142
RBLX,28,NA,0,0,83.68428585714285
RBLX,29,NA,0,0,78.35599859999999
RBLX,31,NA,0,0,79.5049995
RBLX,32,NA,0,0,81.6700002857143
RBLX,33,0.9986,1,0.008,82.86249925
RBLX,39,NA,0,0,NA
RIOT,4,NA,0,0,19.93
RIOT,5,0.5293678571428572,18,7.231529468482585e-4,21.28
RIOT,6,0.5283809523809524,15,0.0022741055184960584,31.777142857142856
RIOT,7,0.20879464285714286,16,0.015037593984962405,56.649999571428566
RIOT,8,-0.06976249999999999,9,0.004594180704441042,60.78428642857143
RIOT,9,0.563375,4,0.0015594541910331384,46.82571471428571
RIOT,10,-0.145515,9,0.003470883146934053,47.40714257142857
RIOT,11,-0.14753666666666668,11,0.007270323859881031,61.96714285714285
RIOT,12,-0.3254,1,0.0010204081632653062,54.565714285714286
RIOT,13,NA,0,0,49.90857128571429
RIOT,14,0.16360000000000002,2,0.005249343832020997,52.144284999999996
RIOT,15,-0.44437499999999996,3,0.0052173913043478265,51.135714428571426
RIOT,16,-0.12455,2,0.004889975550122249,41.59714328571429
RIOT,17,NA,0,0,40.158571571428574
RIOT,18,NA,0,0,38.432501
RIOT,19,NA,0,0,29.819999857142857
RIOT,20,-0.48767499999999997,3,0.006818181818181818,25.178571
RIOT,21,0.983,1,0.0017921146953405018,25.107142714285715
RIOT,22,-0.9788,1,0.003205128205128205,27.549999200000002
RIOT,23,NA,0,0,31.639999
RIOT,24,0.9991,1,9.46969696969697e-4,32.775000666666664
RIOT,25,0.20629999999999998,2,0.002205071664829107,32.40571428571428
RIOT,26,0.9932,1,0.0014727540500736377,35.635000000000005
RIOT,27,0.8911,1,0.0020920502092050207,35.644285714285715
RIOT,28,0.9992,1,0.0021598272138228943,30.965714857142856
RIOT,29,NA,0,0,26.730000399999998
RIOT,31,NA,0,0,32.807500000000005
RIOT,32,NA,0,0,36.54571528571429
RIOT,33,NA,0,0,35.81500125
RIOT,39,NA,0,0,2.76
SDC,4,NA,0,0,13.65
SDC,5,NA,0,0,13.517142857142858
SDC,6,NA,0,0,12.575714285714286
SDC,7,0.9998,1,9.398496240601503e-4,12.491428571428571
SDC,8,NA,0,0,11.9
SDC,9,0.7561,3,0.0011695906432748538,11.332857142857142
SDC,10,NA,0,0,10.677857142857142
SDC,11,NA,0,0,11.622857142857143
SDC,12,0.53165,2,0.0020408163265306124,10.867142857142857
SDC,13,0.71075,2,0.002638522427440633,10.382857142857143
SDC,14,0.9963,1,0.0026246719160104987,10.317142857142857
SDC,15,0.9848,2,0.0034782608695652175,10.311428571428571
SDC,16,NA,0,0,10.13
SDC,17,NA,0,0,10.891428571428571
SDC,18,NA,0,0,9.4625
SDC,19,-0.5886,1,0.001392757660167131,8.066428571428572
SDC,20,NA,0,0,7.932142857142857
SDC,21,NA,0,0,8.052857142857142
SDC,22,0.4588,1,0.003205128205128205,8.236
SDC,23,0.0388,2,0.008733624454148471,9.74
SDC,24,0.8227666666666666,3,0.002840909090909091,9.313333333333333
SDC,25,0.9495,1,0.0011025358324145535,8.92142857142857
SDC,26,NA,0,0,8.823333333333334
SDC,27,0.966,2,0.0041841004184100415,8.185714285714285
SDC,28,0.4818,2,0.004319654427645789,7.4957142857142856
SDC,29,NA,0,0,6.87
SDC,31,NA,0,0,6.9825
SDC,32,0.3751333333333334,3,0.006711409395973154,6.114285714285715
SDC,33,0.984,1,0.008,4.99
SDC,39,NA,0,0,11.61
SNDL,4,-0.06843333333333333,18,0.015037593984962405,0.825
SNDL,5,0.17275237554112555,234,0.00940098830902736,1.0078571428571428
SNDL,6,0.5731535714285714,27,0.004093389933292905,1.6642857142857141
SNDL,7,0.5613871428571429,29,0.02725563909774436,1.9542857142857144
SNDL,8,0.5686785714285714,12,0.006125574272588055,1.4428571428571428
SNDL,9,0.11965833333333332,7,0.0027290448343079924,1.3114285714285714
SNDL,10,0.8599875,6,0.0023139220979560356,1.2435714285714285
SNDL,11,0.08499,6,0.0039656311962987445,1.4842857142857142
SNDL,12,-0.3182,1,0.0010204081632653062,1.332142857142857
SNDL,13,0.9943,1,0.0013192612137203166,1.1257142857142857
SNDL,14,0.3182,1,0.0026246719160104987,1.0571428571428572
SNDL,15,NA,0,0,0.9517142857142857
SNDL,16,0.2011,2,0.004889975550122249,0.8608571428571429
SNDL,17,0.4537,3,0.00684931506849315,0.8727142857142857
SNDL,18,-0.6762,1,0.003205128205128205,0.80525
SNDL,19,0.858075,4,0.005571030640668524,0.7375714285714285
SNDL,20,0,1,0.0022727272727272726,0.7382857142857143
SNDL,21,0.40149999999999997,7,0.012544802867383513,0.7775714285714286
SNDL,22,0.9887666666666667,3,0.009615384615384616,0.976
SNDL,23,0.9914,1,0.004366812227074236,1.03
SNDL,24,0.5253611111111112,6,0.005681818181818182,1.0166666666666666
SNDL,25,0.9834888888888889,5,0.005512679162072767,0.9391428571428572
SNDL,26,0.6648666666666667,4,0.005891016200294551,0.9563333333333333
SNDL,27,0.8743000000000001,3,0.006276150627615063,0.9058571428571429
SNDL,28,0.9764,1,0.0021598272138228943,0.8671428571428571
SNDL,29,-0.9746,1,0.003787878787878788,0.8172
SNDL,31,0.96855,2,0.007168458781362007,0.80775
SNDL,32,0.49533333333333335,3,0.006711409395973154,0.8135714285714286
SNDL,33,0.9921,1,0.008,0.74575
SNDL,39,NA,0,0,0.19
SOFI,4,0.4738,1,8.35421888053467e-4,20.280001
SOFI,5,0.37168999999999996,33,0.0013257804025551404,25.07714257142857
SOFI,6,-0.9637,1,1.5160703456640388e-4,23.06857157142857
SOFI,7,NA,0,0,23.85857114285714
SOFI,8,0.9855,1,5.104645227156713e-4,21.087143428571427
SOFI,9,NA,0,0,18.09714257142857
SOFI,10,0.569125,4,0.0015426147319706903,17.881428285714286
SOFI,11,0.9826,1,6.609385327164573e-4,18.897142857142857
SOFI,12,0.5982,1,0.0010204081632653062,17.718571285714287
SOFI,13,0.9535,1,0.0013192612137203166,16.951428714285715
SOFI,14,NA,0,0,17.304285571428572
SOFI,15,-0.9814,1,0.0017391304347826088,17.157142999999998
SOFI,16,0.9846,1,0.0024449877750611247,15.752857142857144
SOFI,17,0.6768,1,0.00228310502283105,16.795714142857143
SOFI,18,NA,0,0,16.134999999999998
SOFI,19,NA,0,0,15.818571571428572
SOFI,20,NA,0,0,16.132857
SOFI,21,NA,0,0,19.42714357142857
SOFI,22,NA,0,0,20.65
SOFI,23,0.63065,2,0.008733624454148471,23.02
SOFI,24,0.9571,1,9.46969696969697e-4,22.08833333333333
SOFI,25,0.4947,2,0.002205071664829107,22.15714357142857
SOFI,26,0.23369202898550726,33,0.048600883652430045,18.7583335
SOFI,27,0.6868645833333333,13,0.027196652719665274,17.604286
SOFI,28,0.7560166666666667,9,0.019438444924406047,16.18285757142857
SOFI,29,0.6419666666666667,5,0.01893939393939394,15.226
SOFI,31,0.6103,1,0.0035842293906810036,15.8224995
SOFI,32,0.4031,4,0.008948545861297539,16.91285657142857
SOFI,33,0.4734333333333333,3,0.024,14.815
SOFI,39,NA,0,0,NA
SPCE,4,0.09780000000000003,2,0.001670843776106934,43.110001
SPCE,5,0.2687623015873016,58,0.0023301594953999438,49.582858
SPCE,6,0.613641,32,0.004851425106124924,55.39857142857143
SPCE,7,0.005410000000000026,6,0.005639097744360902,52.40857114285714
SPCE,8,0.9815,1,5.104645227156713e-4,47.602857
SPCE,9,0.65295,6,0.0023391812865497076,35.132856714285715
SPCE,10,-0.0423375,5,0.0019282684149633628,28.967143857142858
SPCE,11,0.9776,2,0.0013218770654329147,33.808570714285715
SPCE,12,0,1,0.0010204081632653062,31.567142571428572
SPCE,13,0.9809,1,0.0013192612137203166,29.928571
SPCE,14,0.9855499999999999,2,0.005249343832020997,30.142857142857142
SPCE,15,0.38915,4,0.006956521739130435,27.31857157142857
SPCE,16,0.46825,4,0.009779951100244499,22.500000142857143
SPCE,17,-0.6115,1,0.00228310502283105,22.741428714285714
SPCE,18,0.35015,2,0.00641025641025641,20.85500025
SPCE,19,0.986525,4,0.005571030640668524,18.068572142857143
SPCE,20,NA,0,0,17.072856857142856
SPCE,21,0.2814338278388278,38,0.06810035842293907,24.825714142857144
SPCE,22,0.6038416666666667,16,0.05128205128205128,30.7599998
SPCE,23,0.9995,1,0.004366812227074236,35.41
SPCE,24,0.8104166666666667,5,0.004734848484848485,35.47666533333333
SPCE,25,0.7526104166666667,9,0.009922822491730982,38.131427571428574
SPCE,26,0.4917704761904762,28,0.041237113402061855,50.478333166666665
SPCE,27,0.6782853333333333,19,0.0397489539748954,46.239999142857144
SPCE,28,0.3647572335600907,41,0.08855291576673865,41.55142857142857
SPCE,29,0.6886125000000001,9,0.03409090909090909,31.0060008
SPCE,31,0.4989,3,0.010752688172043012,31.395000749999998
SPCE,32,0.49495,2,0.0044742729306487695,31.421428285714285
SPCE,33,0.7492,1,0.008,25.360000749999998
SPCE,39,NA,0,0,20.440001
SPY,4,-0.5130166666666667,6,0.005012531328320802,377.630005
SPY,5,0.3784621787330317,82,0.003294363424530955,376.5757182857143
SPY,6,-0.0689642857142857,32,0.004851425106124924,389.23999442857144
SPY,7,0.4543440476190476,23,0.021616541353383457,392.28143771428574
SPY,8,0.16676944444444447,18,0.009188361408882083,388.38856742857143
SPY,9,0.3195579365079365,22,0.008576998050682261,382.188568
SPY,10,0.34256285714285717,22,0.008484381025838797,386.127145
SPY,11,0.49721944444444444,19,0.01255783212161269,394.7485747142857
SPY,12,0.6312048611111111,18,0.018367346938775512,389.6785757142857
SPY,13,0.4126666666666666,13,0.017150395778364115,396.4842878571429
SPY,14,0.24445333333333333,10,0.026246719160104987,404.20284571428573
SPY,15,0.221628,12,0.020869565217391306,412.3271395714286
SPY,16,0.554923,14,0.034229828850855744,415.3571471428572
SPY,17,0.3927527777777778,13,0.02968036529680365,417.54427657142855
SPY,18,0.6711444444444444,5,0.016025641025641024,417.35499575
SPY,19,0.5426622222222223,19,0.026462395543175487,416.314283
SPY,20,0.4090214285714286,19,0.04318181818181818,414.762848
SPY,21,0.5634107142857143,20,0.035842293906810034,417.2271464285714
SPY,22,0.8794041666666667,8,0.02564102564102564,419.9660098
SPY,23,0.6125,1,0.004366812227074236,423.609985
SPY,24,0.5814875,17,0.016098484848484848,423.58166516666665
SPY,25,0.38784,23,0.025358324145534728,419.490003
SPY,26,0.13543125,11,0.016200294550810016,427.813329
SPY,27,0.4700736111111111,16,0.03347280334728033,433.3128572857143
SPY,28,0.38794261904761906,19,0.04103671706263499,435.7457057142857
SPY,29,0.21675,11,0.041666666666666664,430.0099974
SPY,31,-0.1346,9,0.03225806451612903,439.87000275
SPY,32,0.3207238095238095,19,0.042505592841163314,443.02427885714286
SPY,33,0.33209375,7,0.056,446.18251
SPY,39,NA,0,0,332.369995
TLRY,4,NA,0,0,18.700001
TLRY,5,0.6263083333333334,21,8.436784379896348e-4,21.425714285714285
TLRY,6,0.5881438383838384,39,0.005912674348089751,35.09571357142857
TLRY,7,0.649757029478458,30,0.02819548872180451,29.891428714285716
TLRY,8,0.24728541666666667,10,0.005104645227156712,27.312857
TLRY,9,0.958125,3,0.0011695906432748538,24.64000042857143
TLRY,10,0.84905,2,7.713073659853452e-4,23.431428285714286
TLRY,11,0.6434111111111112,5,0.003304692663582287,27.562856714285715
TLRY,12,0.32382,7,0.007142857142857143,24.027142857142856
TLRY,13,0.684825,8,0.010554089709762533,22.14
TLRY,14,0.7474833333333333,4,0.010498687664041995,21.394285571428572
TLRY,15,0.51665,5,0.008695652173913044,18.447143142857144
TLRY,16,0.10216666666666667,5,0.012224938875305624,16.887143285714284
TLRY,17,0.9634111111111111,5,0.01141552511415525,17.82142842857143
TLRY,18,0.12825000000000003,2,0.00641025641025641,16.6825
TLRY,19,0.6699416666666667,6,0.008356545961002786,15.35
TLRY,20,0,1,0.0022727272727272726,14.641428571428571
TLRY,21,0.9756777777777778,5,0.008960573476702509,15.717142857142857
TLRY,22,0.98525,2,0.00641025641025641,16.732000000000003
TLRY,23,0.738,4,0.017467248908296942,20.049999
TLRY,24,0.4331833333333333,7,0.006628787878787879,18.87499916666667
TLRY,25,0.59541,9,0.009922822491730982,17.342857428571428
TLRY,26,0.8344374999999999,5,0.007363770250368188,18.135000333333334
TLRY,27,NA,0,0,16.874285571428572
TLRY,28,0.91855,3,0.0064794816414686825,15.782857142857143
TLRY,29,-0.22375,2,0.007575757575757576,13.898
TLRY,31,0.9986,1,0.0035842293906810036,14.3225
TLRY,32,0.9962,1,0.0022371364653243847,14.451428571428572
TLRY,33,NA,0,0,13.255
TLRY,39,NA,0,0,4.83
TSLA,4,0.54315,4,0.003341687552213868,835.429993
TSLA,5,0.4612661075766339,87,0.0034952392430999154,828.2671507142858
TSLA,6,0.5722048280423281,52,0.007883565797453002,840.864275
TSLA,7,0.5506378756957329,51,0.047932330827067667,806.6042828571428
TSLA,8,0.3267068945868946,39,0.019908116385911178,740.211426
TSLA,9,0.7680452380952381,32,0.012475633528265107,672.2871441428572
TSLA,10,0.43896474256369217,56,0.021596606247589665,628.2985752857143
TSLA,11,0.5814985714285714,25,0.016523463317911435,688.7114168571428
TSLA,12,0.4739357142857143,26,0.026530612244897958,652.489999
TSLA,13,0.7687694444444444,12,0.0158311345646438,633.2457188571428
TSLA,14,0.42916666666666664,18,0.047244094488188976,674.6699917142857
TSLA,15,0.6166073333333333,21,0.036521739130434785,709.491429
TSLA,16,0.18526666666666666,14,0.034229828850855744,730.9671541428571
TSLA,17,0.425495,13,0.02968036529680365,714.6485854285714
TSLA,18,0.6175125,12,0.038461538461538464,688.339996
TSLA,19,0.43627666666666665,19,0.026462395543175487,632.1328560000001
TSLA,20,0.19663611111111112,11,0.025,582.0228618571429
TSLA,21,0.533326388888889,12,0.021505376344086023,600.5357142857143
TSLA,22,0.9278166666666666,6,0.019230769230769232,624.9559816
TSLA,23,NA,0,0,610.119995
TSLA,24,0.8206083333333334,8,0.007575757575757576,608.4166668333334
TSLA,25,0.6638353535353535,23,0.025358324145534728,635.8371495714285
TSLA,26,0.42020416666666666,26,0.03829160530191458,678.4733276666667
TSLA,27,-0.07474166666666666,7,0.014644351464435146,667.5200192857143
TSLA,28,0.5063291666666667,11,0.023758099352051837,661.2957152857143
TSLA,29,0.12865,6,0.022727272727272728,647.8759768
TSLA,31,0.7496999999999999,5,0.017921146953405017,711.23999025
TSLA,32,-0.39742500000000003,3,0.006711409395973154,707.3028478571429
TSLA,33,NA,0,0,709.419983
TSLA,39,0.9127,1,1,419.070007
WISH,4,0.82372,5,0.004177109440267335,28.450001
WISH,5,0.5615117267740429,131,0.005262946446506769,29.834285714285713
WISH,6,0.5027906140350877,39,0.005912674348089751,28.614285714285714
WISH,7,0.84345625,15,0.014097744360902255,26.107143285714287
WISH,8,0.7341333333333333,17,0.008677896886166412,21.335714142857146
WISH,9,0.8715504081632653,27,0.010526315789473684,18.908571714285713
WISH,10,0.5706228354978354,33,0.012726571538758195,17.425714285714285
WISH,11,0.8983854166666667,12,0.007931262392597489,18.495714
WISH,12,0.8768,6,0.006122448979591836,17.168571571428572
WISH,13,0.810875,7,0.009234828496042216,15.777142428571429
WISH,14,0.8657333333333334,4,0.010498687664041995,15.17142857142857
WISH,15,0.54901875,9,0.01565217391304348,13.581428571428571
WISH,16,0.8073266666666666,8,0.019559902200488997,12.47
WISH,17,0.8822,7,0.01598173515981735,14.178571428571429
WISH,18,0.6256499999999999,6,0.019230769230769232,13.2425
WISH,19,0.25353888888888887,9,0.012534818941504178,11.581428571428571
WISH,20,0.36492,7,0.015909090909090907,9.364285714285714
WISH,21,-0.1941138888888889,12,0.021505376344086023,8.64
WISH,22,0.8003,7,0.022435897435897436,7.9
WISH,23,0.707853125,32,0.13973799126637554,10.69
WISH,24,0.7279686793508008,120,0.11363636363636363,10.598333333333333
WISH,25,0.7502261816486125,116,0.1278941565600882,12.742857142857144
WISH,26,0.7744197222222222,44,0.06480117820324006,13.548333333333334
WISH,27,0.8186724206349206,27,0.056485355648535567,11.491428571428571
WISH,28,0.7033818181818182,30,0.06479481641468683,10.657142857142857
WISH,29,0.1475375,5,0.01893939393939394,9.478
WISH,31,0.8255,5,0.017921146953405017,10.0775
WISH,32,0.6602659722222223,22,0.049217002237136466,9.928571428571429
WISH,33,0.8235525,13,0.104,7.38
WISH,39,NA,0,0,NA
